<?xml version="1.0" encoding="UTF-8"?>
<php_ini_file>
	<section name="PHP">
		<option>
			<name>engine</name>
			<type>OnOff</type>
			<suggested>On</suggested>
			<comment>Enable the PHP scripting language engine under Apache.</comment>
		</option>
		<option>
			<name>zend.ze1_compatibility_mode</name>
			<type>OnOff</type>
			<suggested>Off</suggested>
			<comment>Enable compatibility mode with Zend Engine 1 (PHP 4.x)</comment>
		</option>
		<option>
			<name>short_open_tag</name>
			<type>OnOff</type>
			<suggested>Off</suggested>
			<comment>Allow the &lt;? tag.  Otherwise, only &lt;?php and &lt;script&gt; tags are recognized. NOTE: Using short tags should be avoided when developing applications or libraries that are meant for redistribution, or deployment on PHP servers which are not under your control, because short tags may not be supported on the target server. For portable, redistributable code, be sure not to use short tags.</comment>
		</option>
		<option>
			<name>asp_tags</name>
			<type>OnOff</type>
			<suggested>Off</suggested>
			<comment>Allow ASP-style &lt;% %&gt; tags</comment>
		</option>
		<option>
			<name>precision</name>
			<type>Int</type>
			<suggested>12</suggested>
			<comment>The number of significant digits displayed in floating point numbers.</comment>
		</option>
		<option>
			<name>y2k_compliance</name>
			<type>OnOff</type>
			<suggested>On</suggested>
			<comment>Enforce year 2000 compliance (will cause problems with non-compliant browsers)</comment>
		</option>
	</section>
</php_ini_file>